CQ1,CQ2,CQ3,CQ4,CQ5,CQ6,CQ7,CQ8,CQ9,CQ10,CQ11,CQ12,CQ13,CQ14,CQ15,CQ16,CQ17,CQ18,CQ19,CQ20,AL1,AL2,AL3,AL4,AL5,AL6,AL7,AL8,AL9,AL10,AL11,AL12,AL13,AL14,AL15,AL16,AL17,AL18,AL19,AL20,age,sex,status,educ,income,size,affil,tenure,experience
Strongly Agree,Strongly Agree,Strongly Agree,Strongly Agree,Strongly Agree,Strongly Agree,Strongly Agree,Strongly Agree,Strongly Agree,Strongly Agree,Strongly Agree,Strongly Agree,Strongly Agree,Neutral,Strongly Agree,Strongly Agree,Strongly Agree,,Strongly Agree,Strongly Agree,Always,Always,Always,Always,Always,Always,Always,Always,Always,Always,Always,Always,Always,Always,Always,Always,Always,Always,Always,Always,33,1,1,4,1,4,2,1,20
Strongly Agree,Strongly Agree,Strongly Agree,Strongly Agree,Strongly Agree,Strongly Agree,Strongly Agree,Strongly Agree,Agree,Agree,Strongly Agree,Strongly Agree,Strongly Agree,Strongly Agree,Strongly Agree,Strongly Agree,Agree,Neutral,Strongly Agree,Strongly Agree,Often,Often,Always,Always,Always,Always,Always,Always,Sometimes,Often,Always,Always,Often,Always,Always,Often,Always,Always,Always,Always,63,1,2,6,1,4,2,1,45
Agree,Strongly Agree,Strongly Agree,Strongly Agree,Agree,Strongly Agree,Strongly Agree,Strongly Agree,Strongly Agree,Strongly Agree,Strongly Agree,Strongly Agree,Strongly Agree,Strongly Agree,Strongly Agree,Strongly Agree,Strongly Agree,Strongly Agree,Strongly Agree,Strongly Agree,Often,Always,Always,Always,Always,Always,Always,Always,Sometimes,Always,Always,Always,Often,Always,Always,Often,Often,Often,Always,Always,60,1,2,4,1,4,2,1,10
Strongly Agree,Agree,Agree,Agree,Strongly Agree,Agree,Agree,Agree,Strongly Agree,Strongly Agree,Strongly Agree,Agree,Agree,Strongly Agree,Strongly Agree,Agree,Strongly Agree,Strongly Agree,Agree,Agree,Always,Always,Always,Always,Always,Often,Often,Often,Always,Always,Always,Always,Sometimes,Always,Always,Sometimes,Often,Often,Always,Always,56,2,2,4,1,4,2,3,25
Strongly Agree,Strongly Agree,Strongly Agree,Strongly Agree,Strongly Agree,Strongly Agree,Strongly Agree,Strongly Agree,Strongly Agree,Strongly Agree,Strongly Agree,Strongly Agree,Strongly Agree,Strongly Agree,Agree,Strongly Agree,Strongly Agree,Strongly Agree,Strongly Agree,Strongly Agree,Sometimes,Always,Always,Always,Always,Always,Often,Always,Always,Always,Always,Always,Always,Always,Always,Always,Always,Always,Always,Always,66,1,2,4,1,5,2,3,20
Strongly Agree,Strongly Agree,Strongly Agree,Strongly Agree,Strongly Agree,Strongly Agree,Strongly Agree,Strongly Agree,Strongly Agree,Strongly Agree,Strongly Agree,Strongly Agree,Strongly Agree,Strongly Agree,Strongly Agree,Strongly Agree,Strongly Agree,Strongly Agree,Strongly Agree,Strongly Agree,Always,Always,Always,Always,Always,Always,Always,Always,Always,Always,Always,Always,Always,Always,Always,Always,Always,Always,Always,Always,75,2,2,4,1,2,2,1,20
Strongly Agree,Strongly Agree,Strongly Agree,Strongly Agree,Strongly Agree,Strongly Agree,Strongly Agree,Strongly Agree,Strongly Agree,Strongly Agree,Strongly Agree,Strongly Agree,Strongly Agree,Strongly Agree,Strongly Agree,Strongly Agree,Strongly Agree,Strongly Agree,Strongly Agree,Agree,Always,Always,Often,Always,Always,Always,Often,Always,Always,Always,Always,Always,Always,Always,Always,Always,Always,Always,Always,Always,60,2,2,4,1,5,2,2,50
Agree,Agree,Agree,Agree,Agree,Agree,Agree,Agree,Agree,Agree,Agree,Agree,Agree,Strongly Agree,Strongly Agree,Agree,Agree,Strongly Agree,Agree,Strongly Agree,Sometimes,Sometimes,Sometimes,Often,Often,Always,Sometimes,Often,Sometimes,Sometimes,Often,Often,Often,Often,Often,Often,Always,Always,Always,Always,70,2,2,4,1,5,2,2,5
Agree,Agree,Agree,Agree,Agree,Agree,Agree,Agree,Agree,Agree,Agree,Agree,Agree,Strongly Agree,Agree,Agree,Agree,Strongly Agree,Agree,Strongly Agree,Sometimes,Always,Always,Always,Always,Often,Often,Often,Often,Often,Often,Often,Often,Often,Often,Often,Always,Always,Always,Always,59,1,2,4,1,5,2,2,55
Strongly Agree,Strongly Agree,Strongly Agree,Strongly Agree,Strongly Agree,Strongly Agree,Strongly Agree,Strongly Agree,Strongly Agree,Strongly Agree,Strongly Agree,Strongly Agree,Strongly Agree,Strongly Agree,Agree,Strongly Agree,Agree,Strongly Agree,Strongly Agree,Strongly Agree,Sometimes,Always,Always,Always,Always,Always,Sometimes,Sometimes,Often,Always,Always,Always,Always,Always,Always,Always,Always,Always,Often,Often,53,2,2,4,1,5,2,2,30
Strongly Agree,Strongly Agree,Strongly Agree,Strongly Agree,Strongly Agree,Strongly Agree,Strongly Agree,Strongly Agree,Strongly Agree,Strongly Agree,Strongly Agree,Strongly Agree,Strongly Agree,Strongly Agree,Strongly Agree,Strongly Agree,Strongly Agree,Strongly Agree,Strongly Agree,Strongly Agree,Often,Always,Always,Always,Always,Always,Always,Always,Sometimes,Always,Always,Always,Always,Always,Always,Always,Always,Always,Often,Often,53,2,2,4,2,4,2,2,25
Strongly Agree,Strongly Agree,Strongly Agree,Strongly Agree,Strongly Agree,Strongly Agree,Strongly Agree,Strongly Agree,Strongly Agree,Strongly Agree,Strongly Agree,Strongly Agree,Strongly Agree,Strongly Agree,Strongly Agree,Strongly Agree,Agree,Strongly Agree,Strongly Agree,Strongly Agree,Often,Always,Always,Always,Always,Always,Always,Always,Always,Always,Always,Always,Always,Always,Always,Always,Often,Always,Always,Always,65,2,3,4,1,3,2,2,35
Strongly Agree,Strongly Agree,Strongly Agree,Strongly Agree,Strongly Agree,Strongly Agree,Strongly Agree,Strongly Agree,Strongly Agree,Strongly Agree,Strongly Agree,Strongly Agree,Strongly Agree,Agree,Strongly Agree,Strongly Agree,Strongly Agree,Strongly Agree,Strongly Agree,Strongly Agree,Often,Always,Always,Always,Always,Always,Always,Always,Often,Always,Always,Always,Always,Always,Always,Always,Often,Always,Always,Always,62,2,2,4,2,2,2,2,40
Strongly Agree,Strongly Agree,Strongly Agree,Strongly Agree,Strongly Agree,Strongly Agree,Strongly Agree,Strongly Agree,Strongly Agree,Strongly Agree,Strongly Agree,Strongly Agree,Strongly Agree,Agree,Strongly Agree,Strongly Agree,Strongly Agree,Agree,Strongly Agree,Strongly Agree,Often,Always,Always,Always,Always,Always,Always,Often,Always,Always,Always,Always,Always,Always,Always,Always,Always,Always,Always,Always,62,2,2,4,1,3,2,2,31
Strongly Agree,Strongly Agree,Strongly Agree,Strongly Agree,Strongly Agree,Strongly Agree,Strongly Agree,Strongly Agree,Strongly Agree,Strongly Agree,Strongly Agree,Strongly Agree,Strongly Agree,Strongly Agree,Strongly Agree,Strongly Agree,Strongly Agree,Agree,Strongly Agree,Strongly Agree,Always,Always,Always,Always,Always,Always,Always,Always,Always,Always,Always,Always,Always,Always,Always,Always,Always,Always,Always,Always,48,2,2,4,1,2,2,2,20
Strongly Agree,Strongly Agree,Strongly Agree,Strongly Agree,Strongly Agree,Strongly Agree,Strongly Agree,Strongly Agree,Strongly Agree,Strongly Agree,Strongly Agree,Strongly Agree,Strongly Agree,Strongly Agree,Strongly Agree,Strongly Agree,Strongly Agree,Strongly Agree,Strongly Agree,Strongly Agree,Always,Always,Always,Always,Always,Always,Always,Always,Always,Always,Always,Always,Always,Always,Always,Always,Always,Always,Always,Always,52,2,2,4,1,3,2,2,26
Strongly Agree,Strongly Agree,Strongly Agree,Strongly Agree,Strongly Agree,Strongly Agree,Strongly Agree,Strongly Agree,Strongly Agree,Strongly Agree,Strongly Agree,Strongly Agree,Strongly Agree,Strongly Agree,Strongly Agree,Strongly Agree,Strongly Agree,Strongly Agree,Strongly Agree,Strongly Agree,Always,Always,Always,Always,Always,Always,Always,Always,Always,Always,Always,Always,Always,Always,Always,Always,Always,Always,Always,Always,57,2,2,4,1,4,2,2,28
Strongly Agree,Strongly Agree,Strongly Agree,Strongly Agree,Strongly Agree,Strongly Agree,Strongly Agree,Strongly Agree,Strongly Agree,Strongly Agree,Strongly Agree,Strongly Agree,Strongly Agree,Strongly Agree,Strongly Agree,Strongly Agree,Strongly Agree,Strongly Agree,Strongly Agree,Strongly Agree,Always,Always,Always,Always,Always,Always,Always,Always,Always,Always,Always,Always,Always,Always,Always,Always,Sometimes,Sometimes,Always,Always,35,2,2,4,1,3,2,2,17
Strongly Agree,Strongly Agree,Strongly Agree,Strongly Agree,Strongly Agree,Strongly Agree,Strongly Agree,Strongly Agree,Strongly Agree,Strongly Agree,Strongly Agree,Strongly Agree,Strongly Agree,Agree,Strongly Agree,Strongly Agree,Strongly Agree,Strongly Agree,Strongly Agree,Strongly Agree,Always,Always,Always,Always,Always,Always,Always,Always,Always,Always,Always,Always,Always,Always,Always,Always,Often,Often,Always,Always,45,2,2,4,1,2,2,2,22
Strongly Agree,Strongly Agree,Strongly Agree,Strongly Agree,Strongly Agree,Strongly Agree,Strongly Agree,Strongly Agree,Strongly Agree,Strongly Agree,Strongly Agree,Agree,Strongly Agree,Strongly Agree,Strongly Agree,Strongly Agree,Strongly Agree,Agree,Strongly Agree,Strongly Agree,Always,Always,Always,Always,Always,Always,Always,Always,Always,Always,Always,Always,Always,Always,Always,Always,Always,Always,Always,Always,51,2,2,4,1,3,2,2,25
Strongly Agree,Strongly Agree,Strongly Agree,Strongly Agree,Strongly Agree,Strongly Agree,Strongly Agree,Strongly Agree,Strongly Agree,Strongly Agree,Strongly Agree,Strongly Agree,Strongly Agree,Agree,Agree,Strongly Agree,Strongly Agree,Strongly Agree,Strongly Agree,Strongly Agree,Always,Always,Always,Always,Always,Always,Always,Always,Always,Always,Always,Always,Always,Always,Always,Always,Always,Always,Often,Always,31,2,2,4,1,3,2,2,15
Strongly Agree,Strongly Agree,Strongly Agree,Strongly Agree,Strongly Agree,Strongly Agree,Strongly Agree,Strongly Agree,Strongly Agree,Strongly Agree,Strongly Agree,Strongly Agree,Strongly Agree,Strongly Agree,Strongly Agree,Strongly Agree,Strongly Agree,Agree,Strongly Agree,Strongly Agree,Always,Always,Always,Always,Always,Always,Always,Always,Always,Always,Always,Always,Always,Always,Always,Always,Always,Always,Often,Always,54,2,2,4,1,1,2,2,27
Strongly Agree,Strongly Agree,Strongly Agree,Strongly Agree,Strongly Agree,Strongly Agree,Strongly Agree,Strongly Agree,Strongly Agree,Strongly Agree,Strongly Agree,Strongly Agree,Strongly Agree,Strongly Agree,Strongly Agree,Strongly Agree,Strongly Agree,Strongly Agree,Strongly Agree,Strongly Agree,Always,Always,Always,Always,Always,Always,Always,Always,Always,Always,Always,Always,Always,Always,Always,Always,Always,Always,Sometimes,Always,50,2,2,4,1,2,2,2,25
Strongly Agree,Strongly Agree,Strongly Agree,Strongly Agree,Strongly Agree,Strongly Agree,Strongly Agree,Strongly Agree,Strongly Agree,Strongly Agree,Strongly Agree,Strongly Agree,Strongly Agree,Strongly Agree,Strongly Agree,Strongly Agree,Strongly Agree,Strongly Agree,Strongly Agree,Strongly Agree,Always,Always,Always,Always,Always,Always,Always,Always,Always,Always,Always,Always,Always,Always,Always,Always,Always,Always,Often,Often,48,2,2,4,1,2,2,2,24
Agree,Strongly Agree,Strongly Agree,Agree,Agree,Strongly Agree,Strongly Agree,Agree,Strongly Agree,Strongly Agree,Strongly Agree,Strongly Agree,Strongly Agree,Strongly Agree,Strongly Agree,Strongly Agree,Strongly Agree,Strongly Agree,Strongly Agree,Strongly Agree,Often,Always,Always,Always,Always,Always,Often,Always,Always,Always,Always,Always,Often,Always,Always,Often,Always,Always,Always,Often,74,1,2,2,1,2,2,2,64
Strongly Agree,Strongly Agree,Strongly Agree,Strongly Agree,Strongly Agree,Strongly Agree,Strongly Agree,Strongly Agree,Strongly Agree,Strongly Agree,Strongly Agree,Strongly Agree,Strongly Agree,Strongly Agree,Strongly Agree,Strongly Agree,Strongly Agree,Strongly Agree,Strongly Agree,Strongly Agree,Sometimes,Often,Always,Always,Always,Always,Always,Always,Always,Sometimes,Always,Always,Always,Always,Always,Always,Always,Always,Always,Always,70,1,2,4,1,3,2,2,20
Strongly Agree,Strongly Agree,Strongly Agree,Strongly Agree,Strongly Agree,Strongly Agree,Strongly Agree,Strongly Agree,Strongly Agree,Strongly Agree,Strongly Agree,Strongly Agree,Strongly Agree,Strongly Agree,Strongly Agree,Strongly Agree,Strongly Agree,Strongly Agree,Strongly Agree,Strongly Agree,Often,Always,Always,Always,Always,Always,Always,Always,Always,Always,Always,Always,Always,Always,Always,Always,Always,Always,Always,Always,63,1,2,4,1,4,2,1,30
Strongly Agree,Agree,Strongly Agree,Strongly Agree,Strongly Agree,Agree,Strongly Agree,Strongly Agree,Strongly Agree,Strongly Agree,Neutral,Agree,Strongly Agree,Strongly Agree,Strongly Agree,Strongly Agree,Strongly Agree,Strongly Agree,Strongly Agree,Strongly Agree,Always,Always,Always,Always,Always,Always,Always,Always,Always,Always,Always,Always,Often,Always,Always,Often,Always,Always,Always,Always,63,1,2,2,1,3,2,2,40
Agree,Strongly Agree,Agree,Strongly Agree,Agree,Strongly Agree,Agree,Strongly Agree,Strongly Agree,Strongly Agree,Strongly Agree,Strongly Agree,Strongly Agree,Strongly Agree,Strongly Agree,Strongly Agree,Strongly Agree,Strongly Agree,Strongly Agree,Strongly Agree,Often,Always,Always,Always,Often,Always,Always,Always,Always,Sometimes,Always,Always,Sometimes,Always,Always,Sometimes,Always,Always,Always,Sometimes,40,2,2,4,2,4,2,2,10
Strongly Agree,Strongly Agree,Strongly Agree,Strongly Agree,Strongly Agree,Strongly Agree,Strongly Agree,Strongly Agree,Strongly Agree,Strongly Agree,Strongly Agree,Strongly Agree,Strongly Agree,Strongly Agree,Strongly Agree,Strongly Agree,Strongly Agree,Strongly Agree,Strongly Agree,Strongly Agree,Always,Always,Always,Always,Always,Always,Always,Always,Always,Always,Always,Always,Always,Always,Always,Always,Always,Always,Always,Often,73,1,2,2,1,3,2,2,20
Strongly Agree,Strongly Agree,Strongly Agree,Strongly Agree,Strongly Agree,Strongly Agree,Strongly Agree,Strongly Agree,Strongly Agree,Strongly Agree,Strongly Agree,Strongly Agree,Strongly Agree,Strongly Agree,Strongly Agree,Strongly Agree,Strongly Agree,Strongly Agree,Strongly Agree,Strongly Agree,Often,Always,Always,Always,Always,Always,Always,Always,Always,Always,Always,Always,Always,Always,Always,Always,Always,Always,Always,Always,63,1,2,4,1,3,2,1,30
Strongly Agree,Agree,Strongly Agree,Strongly Agree,Strongly Agree,Agree,Strongly Agree,Strongly Agree,Strongly Agree,Strongly Agree,Neutral,Agree,Agree,Agree,Agree,Agree,Strongly Agree,Strongly Agree,Agree,Agree,Always,Always,Always,Always,Always,Always,Always,Always,Always,Always,Always,Always,Often,Always,Always,Often,Always,Always,Always,Always,78,1,3,4,1,4,2,2,40
Agree,Agree,Agree,Strongly Agree,Agree,Agree,Agree,Strongly Agree,Strongly Agree,Strongly Agree,Strongly Agree,Strongly Agree,Strongly Agree,Strongly Agree,Strongly Agree,Strongly Agree,Strongly Agree,Agree,Strongly Agree,Strongly Agree,Often,Always,Always,Always,Often,Always,Always,Always,Always,Sometimes,Always,Always,Sometimes,Always,Always,Sometimes,Always,Always,Always,Always,65,1,2,4,2,2,2,2,10
Strongly Agree,Strongly Agree,Strongly Agree,Strongly Agree,Strongly Agree,Strongly Agree,Strongly Agree,Strongly Agree,Strongly Agree,Strongly Agree,Strongly Agree,Strongly Agree,Strongly Agree,Strongly Agree,Strongly Agree,Strongly Agree,Agree,Strongly Agree,Strongly Agree,Strongly Agree,Always,Always,Always,Always,Always,Always,Always,Always,Always,Always,Always,Always,Always,Always,Always,Always,Always,Always,Always,Always,67,2,2,4,1,3,2,2,20
Strongly Agree,Strongly Agree,Strongly Agree,Strongly Agree,Strongly Agree,Strongly Agree,Strongly Agree,Strongly Agree,Strongly Agree,Strongly Agree,Strongly Agree,Strongly Agree,Strongly Agree,Strongly Agree,Strongly Agree,Strongly Agree,Strongly Agree,Strongly Agree,Strongly Agree,Strongly Agree,Always,Often,Always,Sometimes,Always,Always,Always,Always,Always,Always,Always,Always,Always,Always,Always,Always,Always,Always,Always,Always,50,2,2,2,1,2,2,3,18
Strongly Agree,Strongly Agree,Strongly Agree,Strongly Agree,Strongly Agree,Strongly Agree,Strongly Agree,Strongly Agree,Strongly Agree,Strongly Agree,Strongly Agree,Strongly Agree,Strongly Agree,Strongly Agree,Strongly Agree,Strongly Agree,Strongly Agree,Strongly Agree,Strongly Agree,Strongly Agree,Often,Often,Always,Always,Always,Always,Always,Always,Always,Always,Always,Always,Always,Always,Always,Always,Always,Always,Always,Always,78,1,2,4,1,3,2,1,10
Strongly Agree,Strongly Agree,Strongly Agree,Strongly Agree,Strongly Agree,Strongly Agree,Strongly Agree,Strongly Agree,Strongly Agree,Strongly Agree,Strongly Agree,Strongly Agree,Strongly Agree,Strongly Agree,Strongly Agree,Strongly Agree,Strongly Agree,Strongly Agree,Strongly Agree,Strongly Agree,Always,Always,Always,Always,Always,Always,Always,Always,Always,Always,Always,Always,Always,Always,Always,Always,Always,Sometimes,Always,Always,53,1,2,6,1,2,2,1,20
Strongly Agree,Strongly Agree,Strongly Agree,Strongly Agree,Strongly Agree,Strongly Agree,Strongly Agree,Strongly Agree,Agree,Agree,Strongly Agree,Strongly Agree,Agree,Agree,Agree,Agree,Strongly Agree,Strongly Agree,Agree,Agree,Often,Often,Always,Always,Always,Always,Always,Always,Sometimes,Often,Always,Always,Often,Always,Always,Often,Always,Always,Always,Always,49,1,2,6,1,2,2,1,25
Agree,Strongly Agree,Strongly Agree,Strongly Agree,Agree,Strongly Agree,Strongly Agree,Strongly Agree,Strongly Agree,Strongly Agree,Strongly Agree,Strongly Agree,Agree,Agree,Agree,Agree,Strongly Agree,Agree,Agree,Agree,Often,Always,Always,Always,Always,Always,Always,Always,Sometimes,Always,Always,Always,Often,Always,Always,Often,Always,Always,Always,Always,65,1,2,6,1,2,2,1,10
Strongly Agree,Strongly Agree,Agree,Agree,Strongly Agree,Strongly Agree,Agree,Agree,Strongly Agree,Strongly Agree,Strongly Agree,Agree,Strongly Agree,Strongly Agree,Strongly Agree,Strongly Agree,Agree,Agree,Strongly Agree,Strongly Agree,Always,Always,Always,Always,Always,Often,Often,Often,Always,Always,Always,Always,Sometimes,Always,Always,Sometimes,Always,Always,Always,Always,74,2,2,6,1,3,2,3,25
Strongly Agree,Strongly Agree,Strongly Agree,Strongly Agree,Strongly Agree,Strongly Agree,Strongly Agree,Strongly Agree,Strongly Agree,Strongly Agree,Strongly Agree,Strongly Agree,Strongly Agree,Strongly Agree,Strongly Agree,Strongly Agree,Agree,Strongly Agree,Strongly Agree,Strongly Agree,Sometimes,Always,Always,Always,Always,Always,Often,Always,Always,Always,Always,Always,Always,Always,Always,Always,Often,Always,Always,Always,65,1,2,6,1,3,2,3,20
Strongly Agree,Strongly Agree,Strongly Agree,Strongly Agree,Strongly Agree,Strongly Agree,Strongly Agree,Strongly Agree,Strongly Agree,Strongly Agree,Strongly Agree,Strongly Agree,Strongly Agree,Strongly Agree,Strongly Agree,Strongly Agree,Strongly Agree,Strongly Agree,Strongly Agree,Strongly Agree,Always,Always,Always,Always,Always,Always,Always,Always,Always,Always,Always,Always,Always,Always,Always,Always,Often,Often,Always,Always,45,1,2,6,1,2,2,1,20
Strongly Agree,Strongly Agree,Strongly Agree,Strongly Agree,Strongly Agree,Strongly Agree,Strongly Agree,Strongly Agree,Strongly Agree,Strongly Agree,Strongly Agree,Strongly Agree,Strongly Agree,Strongly Agree,Strongly Agree,Strongly Agree,Strongly Agree,Strongly Agree,Strongly Agree,Strongly Agree,Always,Always,Often,Always,Always,Always,Often,Always,Always,Always,Always,Always,Always,Always,Always,Always,Sometimes,Often,Often,Always,58,1,2,6,1,3,2,2,30
Agree,Strongly Agree,Agree,Agree,Agree,Strongly Agree,Agree,Agree,Agree,Agree,Agree,Agree,Agree,Agree,Agree,Strongly Agree,Strongly Agree,Strongly Agree,Agree,Agree,Sometimes,Sometimes,Sometimes,Often,Often,Always,Sometimes,Often,Sometimes,Sometimes,Often,Often,Often,Often,Often,Often,Always,Sometimes,Sometimes,Always,43,1,2,6,1,2,2,2,10
Agree,Strongly Agree,Agree,Agree,Agree,Strongly Agree,Agree,Agree,Agree,Agree,Agree,Agree,Strongly Agree,Strongly Agree,Strongly Agree,Strongly Agree,Strongly Agree,Agree,Strongly Agree,Agree,Sometimes,Always,Always,Always,Always,Often,Often,Often,Often,Often,Often,Often,Often,Often,Often,Often,Always,Always,Always,Always,52,1,2,6,1,2,2,2,25
Strongly Agree,Strongly Agree,Strongly Agree,Strongly Agree,Strongly Agree,Strongly Agree,Strongly Agree,Strongly Agree,Strongly Agree,Strongly Agree,Strongly Agree,Strongly Agree,Strongly Agree,Strongly Agree,Strongly Agree,Strongly Agree,Agree,Strongly Agree,Strongly Agree,Strongly Agree,Sometimes,Always,Always,Always,Always,Always,Sometimes,Sometimes,Often,Always,Always,Always,Always,Always,Always,Always,Always,Always,Always,Always,56,1,2,6,1,2,2,2,30
Strongly Agree,Strongly Agree,Strongly Agree,Strongly Agree,Strongly Agree,Strongly Agree,Strongly Agree,Strongly Agree,Strongly Agree,Strongly Agree,Strongly Agree,Strongly Agree,Agree,Strongly Agree,Agree,Strongly Agree,Agree,Strongly Agree,Agree,Agree,Often,Always,Always,Always,Always,Always,Always,Always,Sometimes,Always,Always,Always,Always,Always,Always,Always,Often,Always,Often,Always,71,1,2,6,1,3,2,2,25
Strongly Agree,Strongly Agree,Strongly Agree,Strongly Agree,Strongly Agree,Strongly Agree,Strongly Agree,Strongly Agree,Strongly Agree,Strongly Agree,Strongly Agree,Strongly Agree,Agree,Strongly Agree,Agree,Strongly Agree,Agree,Strongly Agree,Agree,Agree,Often,Always,Always,Always,Always,Always,Always,Always,Always,Always,Always,Always,Always,Always,Always,Always,Often,Often,Sometimes,Sometimes,55,1,2,6,1,3,2,2,35
Strongly Agree,Strongly Agree,Strongly Agree,Strongly Agree,Strongly Agree,Strongly Agree,Strongly Agree,Strongly Agree,Strongly Agree,Strongly Agree,Strongly Agree,Strongly Agree,Strongly Agree,Strongly Agree,Strongly Agree,Agree,Strongly Agree,Agree,Strongly Agree,Strongly Agree,Often,Always,Always,Always,Always,Sometimes,Sometimes,Often,Always,Always,Always,Always,Always,Always,Always,Always,Always,Often,Always,Always,28,1,2,6,1,1,2,2,10
Strongly Agree,Agree,Strongly Agree,Agree,Strongly Agree,Agree,Strongly Agree,Agree,Agree,Agree,Agree,Agree,Strongly Agree,Strongly Agree,Strongly Agree,Strongly Agree,Strongly Agree,Strongly Agree,Strongly Agree,Strongly Agree,Sometimes,Always,Always,Often,Sometimes,Often,Often,Always,Sometimes,Often,Always,Often,Sometimes,Often,Often,Sometimes,Always,Always,Always,Always,58,1,2,6,2,4,2,2,8
Strongly Agree,Strongly Agree,Strongly Agree,Strongly Agree,Strongly Agree,Strongly Agree,Strongly Agree,Strongly Agree,Strongly Agree,Strongly Agree,Strongly Agree,Strongly Agree,Strongly Agree,Strongly Agree,Strongly Agree,Strongly Agree,Strongly Agree,Strongly Agree,Strongly Agree,Strongly Agree,Always,Always,Always,Always,Always,Always,Always,Always,Always,Always,Always,Always,Often,Always,Always,Often,Always,Always,Always,Always,54,1,2,2,1,3,2,2,30
Strongly Agree,Agree,Strongly Agree,Agree,Strongly Agree,Agree,Strongly Agree,Agree,Strongly Agree,Strongly Agree,Agree,Strongly Agree,Strongly Agree,Strongly Agree,Strongly Agree,Strongly Agree,Strongly Agree,Strongly Agree,Strongly Agree,Strongly Agree,Always,Always,Always,Always,Always,Always,Always,Often,Sometimes,Sometimes,Always,Always,Often,Always,Always,Often,Always,Always,Always,Always,72,1,2,2,1,4,2,2,25
Strongly Agree,Strongly Agree,Strongly Agree,Strongly Agree,Strongly Agree,Strongly Agree,Strongly Agree,Strongly Agree,Strongly Agree,Strongly Agree,Strongly Agree,Strongly Agree,Strongly Agree,Strongly Agree,Strongly Agree,Strongly Agree,Strongly Agree,Agree,Strongly Agree,Strongly Agree,Sometimes,Always,Always,Always,Always,Always,Always,Always,Always,Always,Always,Always,Always,Always,Always,Always,Sometimes,Always,Often,Often,41,1,2,2,1,4,2,3,10
Strongly Agree,Strongly Agree,Strongly Agree,Strongly Agree,Strongly Agree,Strongly Agree,Strongly Agree,Strongly Agree,Strongly Agree,Strongly Agree,Strongly Agree,Strongly Agree,Strongly Agree,Strongly Agree,Strongly Agree,Strongly Agree,Strongly Agree,Agree,Strongly Agree,Strongly Agree,Often,Always,Always,Always,Always,Always,Always,Always,Always,Always,Always,Always,Always,Always,Always,Always,Often,Sometimes,Often,Often,62,1,2,2,1,2,2,3,10
Strongly Agree,Strongly Agree,Strongly Agree,Agree,Strongly Agree,Strongly Agree,Strongly Agree,Agree,Strongly Agree,Strongly Agree,Strongly Agree,Strongly Agree,Strongly Agree,Agree,Strongly Agree,Agree,Strongly Agree,Strongly Agree,Strongly Agree,Strongly Agree,Always,Always,Always,Always,Always,Always,Always,Always,Always,Always,Always,Always,Sometimes,Always,Always,Sometimes,Often,Often,Sometimes,Sometimes,57,1,2,2,1,5,2,2,15
Strongly Agree,Strongly Agree,Agree,Agree,Strongly Agree,Strongly Agree,Agree,Agree,Agree,Agree,Agree,Strongly Agree,Strongly Agree,Strongly Agree,Strongly Agree,Agree,Strongly Agree,Strongly Agree,Strongly Agree,Strongly Agree,Always,Often,Always,Always,Sometimes,Often,Sometimes,Always,Sometimes,Sometimes,Often,Often,Often,Often,Often,Often,Always,Often,Always,Always,55,1,2,2,1,4,2,2,15
Strongly Agree,Agree,Strongly Agree,Agree,Strongly Agree,Agree,Strongly Agree,Agree,Agree,Agree,Strongly Agree,Strongly Agree,Strongly Agree,Strongly Agree,Strongly Agree,Strongly Agree,Strongly Agree,Strongly Agree,Strongly Agree,Strongly Agree,Always,Always,Always,Always,Always,Often,Always,Always,Sometimes,Sometimes,Always,Always,Often,Always,Always,Often,Always,Always,Always,Always,52,1,2,2,1,5,2,2,10
Strongly Agree,Strongly Agree,Strongly Agree,Agree,Strongly Agree,Strongly Agree,Strongly Agree,Agree,Agree,Agree,Agree,Strongly Agree,Strongly Agree,Agree,Strongly Agree,Strongly Agree,Strongly Agree,Strongly Agree,Strongly Agree,Strongly Agree,Always,Often,Often,Often,Sometimes,Sometimes,Sometimes,Sometimes,Often,Often,Often,Sometimes,Sometimes,Sometimes,Sometimes,Sometimes,Sometimes,Sometimes,Always,Always,65,1,2,6,1,5,2,1,15
Agree,Strongly Agree,Agree,Strongly Agree,Agree,Strongly Agree,Agree,Strongly Agree,Strongly Agree,Strongly Agree,Agree,Agree,Agree,Strongly Agree,Agree,Strongly Agree,Agree,Strongly Agree,Agree,Agree,Often,Often,Often,Always,Often,Often,Always,Always,Often,Always,Often,Often,Sometimes,Often,Often,Sometimes,Often,Often,Often,Often,54,1,2,4,1,4,2,2,15
Strongly Agree,Neutral,Strongly Agree,Strongly Agree,Strongly Agree,Neutral,Strongly Agree,Strongly Agree,Agree,Agree,Strongly Agree,Agree,Strongly Agree,Strongly Agree,Strongly Agree,Strongly Agree,Strongly Agree,Strongly Agree,Strongly Agree,Strongly Agree,Often,Always,Always,Always,Always,Always,Sometimes,Always,Always,Always,Always,Always,Always,Always,Always,Always,Often,Always,Often,Often,65,1,2,6,2,2,2,1,15
Strongly Agree,Strongly Agree,Strongly Agree,Strongly Agree,Strongly Agree,Strongly Agree,Strongly Agree,Strongly Agree,Strongly Agree,Strongly Agree,Strongly Agree,Strongly Agree,Strongly Agree,Strongly Agree,Strongly Agree,Agree,Strongly Agree,Strongly Agree,Strongly Agree,Strongly Agree,Sometimes,Always,Always,Always,Always,Always,Always,Always,Always,Always,Always,Always,Always,Always,Always,Always,Always,Always,Always,Always,60,1,2,4,1,3,2,2,25
Strongly Agree,Strongly Agree,Strongly Agree,Strongly Agree,Strongly Agree,Strongly Agree,Strongly Agree,Strongly Agree,Strongly Agree,Strongly Agree,Strongly Agree,Strongly Agree,Agree,Strongly Agree,Agree,Strongly Agree,Agree,Strongly Agree,Agree,Agree,Sometimes,Always,Always,Always,Always,Always,Sometimes,Often,Always,Always,Always,Always,Always,Always,Always,Always,Always,Always,Always,Always,44,2,2,4,3,6,2,2,10
Strongly Agree,Strongly Agree,Strongly Agree,Strongly Agree,Strongly Agree,Strongly Agree,Strongly Agree,Strongly Agree,Strongly Agree,Strongly Agree,Strongly Agree,Strongly Agree,Strongly Agree,Strongly Agree,Strongly Agree,Strongly Agree,Strongly Agree,Strongly Agree,Strongly Agree,Strongly Agree,Often,Always,Always,Always,Always,Always,Often,Always,Always,Always,Always,Always,Always,Always,Always,Always,Always,Always,Always,Always,52,2,2,6,1,3,2,2,15
Strongly Agree,Strongly Agree,Strongly Agree,Strongly Agree,Strongly Agree,Strongly Agree,Strongly Agree,Strongly Agree,Strongly Agree,Strongly Agree,Strongly Agree,Strongly Agree,Strongly Agree,Strongly Agree,Strongly Agree,Strongly Agree,Strongly Agree,Strongly Agree,Strongly Agree,Strongly Agree,Sometimes,Always,Always,Always,Always,Always,Sometimes,Sometimes,Often,Always,Always,Always,Always,Always,Always,Always,Often,Always,Always,Always,48,2,2,4,1,4,2,2,15
Strongly Agree,Strongly Agree,Strongly Agree,Strongly Agree,Strongly Agree,Strongly Agree,Strongly Agree,Strongly Agree,Strongly Agree,Strongly Agree,Strongly Agree,Strongly Agree,Strongly Agree,Strongly Agree,Strongly Agree,Agree,Strongly Agree,Agree,Strongly Agree,Strongly Agree,Often,Always,Always,Always,Always,Always,Always,Always,Sometimes,Always,Always,Always,Always,Always,Always,Always,Often,Always,Sometimes,Sometimes,44,2,2,4,1,3,2,2,15
Strongly Agree,Strongly Agree,Strongly Agree,Strongly Agree,Strongly Agree,Strongly Agree,Strongly Agree,Strongly Agree,Strongly Agree,Strongly Agree,Strongly Agree,Strongly Agree,Strongly Agree,Strongly Agree,Strongly Agree,Strongly Agree,Strongly Agree,Strongly Agree,Strongly Agree,Strongly Agree,Often,Always,Always,Always,Always,Always,Always,Always,Always,Always,Always,Always,Always,Always,Always,Always,Always,Always,Often,Often,34,2,3,4,1,4,2,2,10
Strongly Agree,Strongly Agree,Strongly Agree,Strongly Agree,Strongly Agree,Strongly Agree,Strongly Agree,Strongly Agree,Strongly Agree,Strongly Agree,Strongly Agree,Strongly Agree,Strongly Agree,Strongly Agree,Strongly Agree,Agree,Strongly Agree,Strongly Agree,Strongly Agree,Strongly Agree,Often,Always,Always,Always,Always,Always,Always,Always,Often,Always,Always,Always,Always,Always,Always,Always,Always,Always,Often,Often,25,2,2,4,1,1,2,2,10
Strongly Agree,Strongly Agree,Strongly Agree,Strongly Agree,Strongly Agree,Strongly Agree,Strongly Agree,Strongly Agree,Strongly Agree,Strongly Agree,Strongly Agree,Strongly Agree,Strongly Agree,Strongly Agree,Strongly Agree,Strongly Agree,Strongly Agree,Agree,Strongly Agree,Strongly Agree,Often,Always,Always,Always,Always,Always,Always,Often,Always,Always,Always,Always,Always,Always,Always,Always,Always,Always,Always,Always,27,2,2,4,1,1,2,2,10
Strongly Agree,Strongly Agree,Strongly Agree,Strongly Agree,Strongly Agree,Strongly Agree,Strongly Agree,Strongly Agree,Strongly Agree,Strongly Agree,Strongly Agree,Strongly Agree,Strongly Agree,Strongly Agree,Strongly Agree,Strongly Agree,Strongly Agree,Strongly Agree,Strongly Agree,Strongly Agree,Always,Always,Always,Always,Always,Always,Always,Always,Always,Always,Always,Always,Always,Always,Always,Always,Always,Always,Always,Always,36,2,2,4,1,2,2,2,10
Strongly Agree,Strongly Agree,Strongly Agree,Strongly Agree,Strongly Agree,Strongly Agree,Strongly Agree,Strongly Agree,Strongly Agree,Strongly Agree,Strongly Agree,Strongly Agree,Strongly Agree,Strongly Agree,Strongly Agree,Agree,Strongly Agree,Strongly Agree,Strongly Agree,Strongly Agree,Always,Always,Always,Always,Always,Always,Always,Always,Always,Always,Always,Always,Always,Always,Always,Always,Sometimes,Always,Sometimes,Sometimes,35,2,2,4,1,3,2,2,10
Strongly Agree,Strongly Agree,Strongly Agree,Strongly Agree,Strongly Agree,Strongly Agree,Strongly Agree,Strongly Agree,Strongly Agree,Strongly Agree,Strongly Agree,Strongly Agree,Strongly Agree,Strongly Agree,Strongly Agree,Agree,Strongly Agree,Strongly Agree,Strongly Agree,Strongly Agree,Always,Always,Always,Always,Always,Always,Always,Always,Always,Always,Always,Always,Always,Always,Always,Always,Often,Always,Often,Sometimes,60,2,2,4,1,4,2,2,10
Strongly Agree,Strongly Agree,Strongly Agree,Strongly Agree,Strongly Agree,Strongly Agree,Strongly Agree,Strongly Agree,Strongly Agree,Strongly Agree,Strongly Agree,Strongly Agree,Strongly Agree,Strongly Agree,Strongly Agree,Agree,Strongly Agree,Strongly Agree,Strongly Agree,Strongly Agree,Always,Always,Always,Always,Always,Always,Always,Always,Always,Always,Always,Always,Always,Always,Always,Always,Often,Always,Always,Often,41,2,2,4,1,3,2,2,10
Strongly Agree,Strongly Agree,Strongly Agree,Strongly Agree,Strongly Agree,Strongly Agree,Strongly Agree,Strongly Agree,Strongly Agree,Strongly Agree,Strongly Agree,Strongly Agree,Strongly Agree,Strongly Agree,Strongly Agree,Agree,Strongly Agree,Strongly Agree,Strongly Agree,Strongly Agree,Always,Always,Always,Always,Always,Always,Always,Always,Always,Always,Always,Always,Always,Always,Always,Always,Always,Always,Always,Always,55,2,2,4,1,4,2,2,10
Strongly Agree,Strongly Agree,Strongly Agree,Strongly Agree,Strongly Agree,Strongly Agree,Strongly Agree,Strongly Agree,Strongly Agree,Strongly Agree,Strongly Agree,Agree,Strongly Agree,Strongly Agree,Strongly Agree,Strongly Agree,Strongly Agree,Strongly Agree,Strongly Agree,Strongly Agree,Always,Always,Always,Always,Always,Always,Always,Always,Always,Always,Always,Always,Always,Always,Always,Always,Always,Always,Often,Always,62,2,2,4,1,4,2,2,15
Strongly Agree,Strongly Agree,Strongly Agree,Strongly Agree,Strongly Agree,Strongly Agree,Strongly Agree,Strongly Agree,Strongly Agree,Strongly Agree,Strongly Agree,Strongly Agree,Strongly Agree,Agree,Strongly Agree,Strongly Agree,Strongly Agree,Strongly Agree,Strongly Agree,Strongly Agree,Always,Always,Always,Always,Always,Always,Always,Always,Always,Always,Always,Always,Always,Always,Always,Always,Sometimes,Always,Sometimes,Always,41,2,2,4,1,3,2,2,10
Strongly Agree,Strongly Agree,Strongly Agree,Strongly Agree,Strongly Agree,Strongly Agree,Strongly Agree,Strongly Agree,Strongly Agree,Strongly Agree,Strongly Agree,Strongly Agree,Strongly Agree,Strongly Agree,Strongly Agree,Strongly Agree,Strongly Agree,Strongly Agree,Strongly Agree,Strongly Agree,Always,Always,Always,Always,Always,Always,Always,Always,Always,Always,Always,Always,Always,Always,Always,Always,Often,Always,Always,Always,33,2,2,4,1,3,2,1,10
Strongly Agree,Strongly Agree,Strongly Agree,Strongly Agree,Strongly Agree,Strongly Agree,Strongly Agree,Strongly Agree,Strongly Agree,Strongly Agree,Strongly Agree,Strongly Agree,Strongly Agree,Strongly Agree,Strongly Agree,Strongly Agree,,Strongly Agree,Strongly Agree,,Always,Often,Always,Sometimes,Always,Always,Always,Always,Always,Always,Always,Always,Always,Always,Always,Always,Sometimes,Always,Always,Always,39,1,2,6,1,3,2,1,10
Strongly Agree,Strongly Agree,Strongly Agree,Strongly Agree,Strongly Agree,Strongly Agree,Strongly Agree,Strongly Agree,Strongly Agree,Strongly Agree,Strongly Agree,Strongly Agree,Strongly Agree,Strongly Agree,Strongly Agree,Strongly Agree,Strongly Agree,Strongly Agree,Strongly Agree,Strongly Agree,Often,Often,Always,Always,Always,Always,Always,Always,Always,Always,Always,Always,Always,Always,Always,Always,Often,Always,Often,Always,50,2,2,6,1,4,2,1,15
Strongly Agree,Strongly Agree,Strongly Agree,Strongly Agree,Strongly Agree,Strongly Agree,Strongly Agree,Strongly Agree,Strongly Agree,Strongly Agree,Strongly Agree,Strongly Agree,Strongly Agree,Strongly Agree,Strongly Agree,Strongly Agree,Strongly Agree,Strongly Agree,Strongly Agree,Strongly Agree,Often,Always,Always,Always,Always,Sometimes,Sometimes,Often,Always,Always,Always,Always,Always,Always,Always,Always,Always,Always,Sometimes,Always,39,2,2,6,1,3,2,1,10
Strongly Agree,Agree,Strongly Agree,Agree,Strongly Agree,Agree,Strongly Agree,Agree,Agree,Agree,Agree,Agree,Strongly Agree,Strongly Agree,Strongly Agree,Strongly Agree,Strongly Agree,Strongly Agree,Strongly Agree,Strongly Agree,Sometimes,Always,Always,Often,Sometimes,Often,Often,Always,Sometimes,Often,Always,Often,Sometimes,Often,Often,Sometimes,Always,Always,Always,Always,62,2,2,6,1,4,2,1,10
Strongly Agree,Strongly Agree,Strongly Agree,Strongly Agree,Strongly Agree,Strongly Agree,Strongly Agree,Strongly Agree,Strongly Agree,Strongly Agree,Strongly Agree,Strongly Agree,Strongly Agree,Agree,Strongly Agree,Strongly Agree,Strongly Agree,Strongly Agree,Strongly Agree,Strongly Agree,Always,Always,Always,Always,Always,Always,Always,Always,Always,Always,Always,Always,Often,Always,Always,Often,Always,Often,Always,Always,55,1,2,6,1,4,2,1,10
Strongly Agree,Agree,Strongly Agree,Agree,Strongly Agree,Agree,Strongly Agree,Agree,Strongly Agree,Strongly Agree,Agree,Strongly Agree,Agree,Agree,Strongly Agree,Strongly Agree,Strongly Agree,Strongly Agree,Strongly Agree,Strongly Agree,Always,Always,Always,Always,Always,Always,Always,Often,Sometimes,Sometimes,Always,Always,Often,Always,Always,Often,Always,Often,Always,Always,72,1,2,6,1,4,2,1,9
Strongly Agree,Strongly Agree,Strongly Agree,Strongly Agree,Strongly Agree,Strongly Agree,Strongly Agree,Strongly Agree,Strongly Agree,Strongly Agree,Strongly Agree,Strongly Agree,Strongly Agree,Strongly Agree,Strongly Agree,Strongly Agree,Strongly Agree,,Strongly Agree,Strongly Agree,Sometimes,Always,Always,Always,Always,Always,Always,Always,Always,Always,Always,Always,Always,Always,Always,Always,Always,Sometimes,Always,Always,47,1,2,6,1,3,2,1,10
Strongly Agree,Strongly Agree,Strongly Agree,Strongly Agree,Strongly Agree,Strongly Agree,Strongly Agree,Strongly Agree,Strongly Agree,Strongly Agree,Strongly Agree,Strongly Agree,Strongly Agree,Strongly Agree,Agree,Strongly Agree,Strongly Agree,Strongly Agree,Agree,Strongly Agree,Often,Always,Always,Always,Always,Always,Always,Always,Always,Always,Always,Always,Always,Always,Always,Always,Always,Always,Often,Always,38,2,2,6,1,3,2,1,8
Strongly Agree,Strongly Agree,Strongly Agree,Agree,Strongly Agree,Strongly Agree,Strongly Agree,Agree,Strongly Agree,Strongly Agree,Strongly Agree,Strongly Agree,Strongly Agree,Strongly Agree,Strongly Agree,Strongly Agree,Agree,Strongly Agree,Strongly Agree,Agree,Always,Always,Always,Always,Always,Always,Always,Always,Always,Always,Always,Always,Sometimes,Always,Always,Sometimes,Always,Always,Often,Always,69,1,2,6,1,4,2,1,12
Strongly Agree,Strongly Agree,Agree,Agree,Strongly Agree,Strongly Agree,Agree,Agree,Agree,Agree,Agree,Strongly Agree,Strongly Agree,Strongly Agree,Strongly Agree,Strongly Agree,Strongly Agree,Strongly Agree,Strongly Agree,Strongly Agree,Always,Often,Always,Always,Sometimes,Often,Sometimes,Always,Sometimes,Sometimes,Often,Often,Often,Often,Often,Often,Always,Always,Sometimes,Sometimes,43,1,2,6,1,2,2,1,12
Strongly Agree,Agree,Strongly Agree,Agree,Strongly Agree,Agree,Strongly Agree,Agree,Agree,Agree,Strongly Agree,Strongly Agree,Strongly Agree,Strongly Agree,Strongly Agree,Strongly Agree,Strongly Agree,Strongly Agree,Strongly Agree,Strongly Agree,Always,Always,Always,Always,Always,Often,Always,Always,Sometimes,Sometimes,Always,Always,Often,Always,Always,Often,Always,Often,Always,Often,59,1,2,6,1,3,2,1,14
Strongly Agree,Strongly Agree,Strongly Agree,Agree,Strongly Agree,Strongly Agree,Strongly Agree,Agree,Agree,Agree,Agree,Strongly Agree,Agree,Strongly Agree,Strongly Agree,Agree,Strongly Agree,Strongly Agree,Strongly Agree,Strongly Agree,Always,Often,Often,Often,Sometimes,Sometimes,Sometimes,Sometimes,Often,Often,Often,Sometimes,Sometimes,Sometimes,Sometimes,Sometimes,Always,Often,Always,Always,67,1,2,6,1,4,2,1,8
Agree,Strongly Agree,Agree,Strongly Agree,Agree,Strongly Agree,Agree,Strongly Agree,Strongly Agree,Strongly Agree,Agree,Agree,Agree,Strongly Agree,Strongly Agree,Strongly Agree,Strongly Agree,Strongly Agree,Strongly Agree,Strongly Agree,Often,Often,Often,Always,Often,Often,Always,Always,Often,Always,Often,Often,Sometimes,Often,Often,Sometimes,Always,Always,Always,Always,44,1,2,6,1,2,2,1,9
Strongly Agree,Neutral,Strongly Agree,Strongly Agree,Strongly Agree,Neutral,Strongly Agree,Strongly Agree,Agree,Agree,Strongly Agree,Agree,Strongly Agree,Strongly Agree,Agree,Strongly Agree,Strongly Agree,Strongly Agree,Agree,Strongly Agree,Often,Always,Always,Always,Always,Always,Sometimes,Always,Always,Always,Always,Always,Always,Always,Always,Always,Always,Always,Often,Always,41,1,2,6,1,4,2,1,10
